{"budget":[{"name":"Loyer","valeur":"539","payer":"1","fullValeur":"539\u20ac","operations":[{"nom":"Paiement automatique","valeur":539,"dateOperation":"4\/03\/2014"}]},{"name":"M\u00e9tro","valeur":"89","payer":"0","fullValeur":"89\u20ac","operations":[{"nom":"test","valeur":"50","dateOperation":"11\/03\/2014"}]},{"name":"Abonnement t\u00e9l\u00e9phone","valeur":"35","payer":"0","fullValeur":"35\u20ac","operations":[]},{"name":"Course","valeur":"100","payer":"0","fullValeur":"100\u20ac","operations":[]},{"name":"Economie","valeur":"100","payer":"0","fullValeur":"100\u20ac","operations":[]},{"name":"EDF","valeur":"30","payer":"0","fullValeur":"30\u20ac","operations":[]},{"name":"GDF","valeur":"8","payer":"0","fullValeur":"8\u20ac","operations":[]},{"name":"Abonnement internet","valeur":"20","payer":"0","fullValeur":"20\u20ac","operations":[]},{"name":"Retrait d'argent","valeur":"120","payer":"0","fullValeur":"120\u20ac","operations":[{"nom":"Retrait banque","valeur":"20","dateOperation":"11\/03\/2014"},{"nom":"Retrait banque","valeur":"30","dateOperation":"01\/03\/2014"}]},{"name":"Essence","valeur":"100","payer":"0","fullValeur":"100\u20ac","operations":[{"nom":"Paiement par carte","valeur":"20","dateOperation":"11\/03\/2014"}]}]}